{
  "mlp_regression": {
    "rmse": 25.65490857466279,
    "mae": 20.31195590595544,
    "r2": 0.6819647278043477
  },
  "mlp_classification": {
    "precision": 0.708994708994709,
    "recall": 0.5826086956521739,
    "f1": 0.639618138424821,
    "confusion_matrix": [
      [
        1118,
        55
      ],
      [
        96,
        134
      ]
    ],
    "roc_auc": 0.9146076578079247,
    "pr_auc": 0.7234158101287753,
    "log_loss": 0.262046156615708
  },
  "mlp_training_epochs": 38,
  "training_epochs": 38,
  "mlp_deep_regression": {
    "rmse": 25.747565548493963,
    "mae": 20.422098832435758,
    "r2": 0.6796633046332462
  },
  "mlp_deep_classification": {
    "precision": 0.6954022988505747,
    "recall": 0.5260869565217391,
    "f1": 0.599009900990099,
    "confusion_matrix": [
      [
        1120,
        53
      ],
      [
        109,
        121
      ]
    ],
    "roc_auc": 0.9057415026502094,
    "pr_auc": 0.6880205139015952,
    "log_loss": 0.28054028621439675
  },
  "mlp_deep_training_epochs": 24,
  "mlp_regularized_regression": {
    "rmse": 30.392441979845643,
    "mae": 23.50563796644434,
    "r2": 0.5536602778896527
  },
  "mlp_regularized_classification": {
    "precision": 0.6682926829268293,
    "recall": 0.5956521739130435,
    "f1": 0.6298850574712643,
    "confusion_matrix": [
      [
        1105,
        68
      ],
      [
        93,
        137
      ]
    ],
    "roc_auc": 0.915182178731606,
    "pr_auc": 0.7220052887719172,
    "log_loss": 0.25880706069875964
  },
  "mlp_regularized_training_epochs": 120
}