{
  "linear_regression": {
    "rmse": 25.26899876609791,
    "mae": 19.973331351600276,
    "r2": 0.6914607535285175,
    "diagnostics": {
      "shapiro_wilk": {
        "statistic": 0.9980252298379713,
        "p_value": 0.09248557491267043
      },
      "jarque_bera": {
        "statistic": 1.492037947205256,
        "p_value": 0.4742508045963423
      },
      "durbin_watson": 1.9379299206319296,
      "mean_residual": -0.5640151527948651,
      "std_residual": 25.262703448927933,
      "interpretation": {
        "normality": "Residuals are approximately normal",
        "autocorrelation": "No significant autocorrelation"
      }
    },
    "vif": {
      "CO_GT": 5.434817800615785,
      "PT08_S1_CO": 2.621630633482833,
      "C6H6_GT": 2.2815883705055615,
      "PT08_S2_NMHC": 5.31832324663372,
      "NOx_GT": 7.005681283089478,
      "PT08_S3_NOx": 1.845477230415982,
      "PT08_S4_NO2": 1.3439856817242262,
      "PT08_S5_O3": 1.142655980834811,
      "Temperature": 6.249661997444576,
      "Rel_Humidity": 1.4169805099392705,
      "Abs_Humidity": 4.4081950341658445,
      "Hour": 3.131231587134602,
      "DayOfWeek": 2.672954491823606,
      "Month": 2.9264077795520813,
      "IsWeekend": 2.671277305567899,
      "Season": 2.038683110498188,
      "Hour_sin": 3.3057605910698986,
      "Hour_cos": 1.8022297345650111,
      "NO2_lag_1h": 3.210286509702236,
      "NO2_lag_3h": 3.186454582060461,
      "NO2_lag_6h": 2.1932681972972823,
      "NO2_roll_mean_3h": 9.25308651822121,
      "NO2_roll_mean_6h": 6.264023670967385
    }
  },
  "random_forest_reg": {
    "rmse": 25.663207760183443,
    "mae": 20.305165034569846,
    "r2": 0.68175893009997
  },
  "extra_trees_reg": {
    "rmse": 25.47393179857427,
    "mae": 20.23421638984272,
    "r2": 0.686435917918722
  },
  "hist_gradient_boosting_reg": {
    "rmse": 26.14853928886982,
    "mae": 20.631470282844784,
    "r2": 0.6696082359808817
  },
  "logistic_regression": {
    "precision": 0.7454545454545455,
    "recall": 0.5347826086956522,
    "f1": 0.6227848101265823,
    "confusion_matrix": [
      [
        1131,
        42
      ],
      [
        107,
        123
      ]
    ],
    "roc_auc": 0.9226657770858816,
    "pr_auc": 0.7453683707345019,
    "log_loss": 0.24341075400058784
  },
  "random_forest_clf": {
    "precision": 0.7483870967741936,
    "recall": 0.5043478260869565,
    "f1": 0.6025974025974026,
    "confusion_matrix": [
      [
        1134,
        39
      ],
      [
        114,
        116
      ]
    ],
    "roc_auc": 0.9170206456873865,
    "pr_auc": 0.7241579249414198,
    "log_loss": 0.2552846281137234
  },
  "extra_trees_clf": {
    "precision": 0.7573529411764706,
    "recall": 0.44782608695652176,
    "f1": 0.5628415300546448,
    "confusion_matrix": [
      [
        1140,
        33
      ],
      [
        127,
        103
      ]
    ],
    "roc_auc": 0.9145705919418807,
    "pr_auc": 0.7241907462044115,
    "log_loss": 0.2623533389567371
  },
  "hist_gradient_boosting_clf": {
    "precision": 0.6878980891719745,
    "recall": 0.46956521739130436,
    "f1": 0.5581395348837209,
    "confusion_matrix": [
      [
        1124,
        49
      ],
      [
        122,
        108
      ]
    ],
    "roc_auc": 0.9080432929315394,
    "pr_auc": 0.6926855969734845,
    "log_loss": 0.2954690082768058
  }
}