Cluster,PT08_S1_CO,PT08_S2_NMHC,PT08_S3_NOx,PT08_S4_NO2,PT08_S5_O3,Temperature,Rel_Humidity,Abs_Humidity,NO2_GT
0,0.8535382897326721,0.5130706627110522,-0.534160213772549,0.6700295075017054,0.8431607436819142,1.0498772731556008,-1.0386767830561237,1.0489747379347225,0.6507020906684565
1,0.8738748201505987,1.1491134198743653,-1.125512197843364,1.039723535040296,0.885882149978482,-0.6356467779284964,0.6484282445554522,-0.6384422461292777,1.056103957655051
2,-0.7747201498881383,-0.9631315829643597,1.017770904026212,-0.9197136114259288,-0.7956080497128767,0.6319072292702426,-0.6488379310590042,0.6337137997831656,-0.9015578605138009
3,-0.9526929599951312,-0.6990524996210576,0.641901507589702,-0.7900394311160728,-0.9334348439475231,-1.0461377244973469,1.0390864695596744,-1.0442462915886104,-0.8052481878097062
